Date,Prompt,Response,Mood
2025-11-09 16:32,What is one thing Iâ€™m grateful for today?,I am grateful for the gift of life.,Gratitude
2025-11-09 16:33,What challenged me the most today?,Trying to do my assignments.,Stretched
2025-11-09 16:34,What challenged me the most today?,Figuring out my assignment.,Intellectual advancement
2025-11-09 16:34,What was the strongest emotion I felt today?,Gratitude,Grateful
2025-11-09 16:35,What was the strongest emotion I felt today?,Contentment,Cool
2025-11-09 16:36,What was the best part of my day?,Having being able to do my assignment.,Fulfilled
2025-11-09 16:36,What was the best part of my day?,Did my assignment,Excited
2025-11-09 16:37,What was the best part of my day?,Did my assignment,Excited
2025-11-09 16:39,What was the best part of my day?,Having done my homework,Good
2025-11-09 16:40,What is something new I learned today?,I learnt how to navigate a task that seem difficult.,Excited
2025-11-09 16:40,What was the strongest emotion I felt today?,Gratitude,Contended
2025-11-09 16:41,What challenged me the most today?,My homework.,Great
2025-11-09 16:42,What is something new I learned today?,Being skillful,Excellent
